iter	RMSE
0	0.4436809785
10	0.3326760211
20	0.2497068515
30	0.1877916166
40	0.1414834795
50	0.1066014891
60	0.08089672477
70	0.0617192027
80	0.04756284398
90	0.03657539978
99	0.02925870661
